Copper_conc(uM),Venus(uM),STERR(uM)
0,0.019612527,0.059607219
5,0.102050874,0.040435403
10,0.195302548,0.036464968
50,0.227627389,0.040167197
100,0.245541401,0.036644108